date,country,cpi
1955-01-01,Japan,16.59516
1955-04-01,Japan,16.62315
1955-07-01,Japan,16.63715
1955-10-01,Japan,16.51848
1956-01-01,Japan,16.522560000000002
1956-04-01,Japan,16.7279
1956-07-01,Japan,16.7394
1956-10-01,Japan,16.74338
1957-01-01,Japan,16.79279
1957-01-01,United States,11.78174
1957-04-01,Japan,17.052529999999997
1957-04-01,United States,11.89172
1957-07-01,Japan,17.24845
1957-07-01,United States,11.96046
1957-10-01,Japan,16.98636
1957-10-01,United States,12.09794
1958-01-01,Japan,16.87473
1958-01-01,United States,12.13918
1958-04-01,Japan,16.97748
1958-04-01,United States,12.16668
1958-07-01,Japan,17.12165
1958-07-01,United States,12.20792
1958-10-01,Japan,17.11609
1958-10-01,United States,12.30415
1959-01-01,Japan,17.04509
1959-01-01,United States,12.3454
1959-04-01,Japan,17.19479
1959-04-01,United States,12.40039
1959-07-01,Japan,17.39419
1959-07-01,United States,12.46912
1959-10-01,Japan,17.50617
1959-10-01,United States,12.57911
1960-01-01,Japan,17.62088
1960-01-01,United States,12.6066
1960-04-01,Japan,17.79504
1960-04-01,United States,12.62035
1960-07-01,Japan,17.896829999999998
1960-07-01,United States,12.62035
1960-10-01,Japan,17.99452
1960-10-01,United States,12.70284
1961-01-01,Canada,13.20813
1961-01-01,Japan,18.25055
1961-01-01,United States,12.70284
1961-04-01,Canada,13.22873
1961-04-01,Japan,18.47851
1961-04-01,United States,12.74408
1961-07-01,Canada,13.21085
1961-07-01,Japan,18.89144
1961-07-01,United States,12.79907
1961-10-01,Canada,13.22186
1961-10-01,Japan,19.46637
1961-10-01,United States,12.86781
1962-01-01,Canada,13.19984
1962-01-01,Germany,24.41091
1962-01-01,Japan,19.68741
1962-01-01,United States,12.88155
1962-04-01,Canada,13.33614
1962-04-01,Germany,24.51248
1962-04-01,Japan,19.98434
1962-04-01,United States,12.93655
1962-07-01,Canada,13.40531
1962-07-01,Germany,24.5172
1962-07-01,Japan,20.20363
1962-07-01,United States,12.96404
1962-10-01,Canada,13.48169
1962-10-01,Germany,24.63917
1962-10-01,Japan,20.4364
1962-10-01,United States,13.03278
1963-01-01,Canada,13.45815
1963-01-01,Germany,25.18334
1963-01-01,Japan,20.98256
1963-01-01,United States,13.00528
1963-04-01,Canada,13.45684
1963-04-01,Germany,25.22695
1963-04-01,Japan,21.41145
1963-04-01,United States,13.08777
1963-07-01,Canada,13.65947
1963-07-01,Germany,25.15355
1963-07-01,Japan,21.56913
1963-07-01,United States,13.14276
1963-10-01,Canada,13.71712
1963-10-01,Germany,25.43461
1963-10-01,Japan,21.70176
1963-10-01,United States,13.22525
1964-01-01,Canada,13.74435
1964-01-01,Germany,25.75293
1964-01-01,Japan,21.79481
1964-01-01,United States,13.25274
1964-04-01,Canada,13.83292
1964-04-01,Germany,25.782770000000003
1964-04-01,Japan,22.22788
1964-04-01,United States,13.29398
1964-07-01,Canada,13.88967
1964-07-01,Germany,25.81615
1964-07-01,Japan,22.37988
1964-07-01,United States,13.30773
1964-10-01,Canada,13.98165
1964-10-01,Germany,26.06742
1964-10-01,Japan,22.89091
1964-10-01,United States,13.39022
1965-01-01,Canada,14.027829999999998
1965-01-01,Germany,26.33987
1965-01-01,Japan,23.25819
1965-01-01,United States,13.44521
1965-04-01,Canada,14.16107
1965-04-01,Germany,26.59542
1965-04-01,Japan,23.7944
1965-04-01,United States,13.48645
1965-07-01,Canada,14.25463
1965-07-01,Germany,26.793090000000003
1965-07-01,Japan,23.88275
1965-07-01,United States,13.5002
1965-10-01,Canada,14.35563
1965-10-01,Germany,27.05581
1965-10-01,Japan,24.39245
1965-10-01,United States,13.58269
1966-01-01,Canada,14.49397
1966-01-01,Germany,27.42482
1966-01-01,Japan,24.75428
1966-01-01,United States,13.61018
1966-04-01,Canada,14.68723
1966-04-01,Germany,27.71375
1966-04-01,Japan,25.23453
1966-04-01,United States,13.77515
1966-07-01,Canada,14.78636
1966-07-01,Germany,27.70933
1966-07-01,Japan,25.32181
1966-07-01,United States,13.898879999999998
1966-10-01,Canada,14.88366
1966-10-01,Germany,27.97038
1966-10-01,Japan,25.5586
1966-10-01,United States,14.05011
1967-01-01,Canada,15.0081
1967-01-01,Germany,28.21644
1967-01-01,Japan,25.9496
1967-01-01,United States,14.1051
1967-04-01,Canada,15.25377
1967-04-01,Germany,28.354190000000003
1967-04-01,Japan,26.10788
1967-04-01,United States,14.22882
1967-07-01,Canada,15.44232
1967-07-01,Germany,28.29348
1967-07-01,Japan,26.22172
1967-07-01,United States,14.3663
1967-10-01,Canada,15.54639
1967-10-01,Germany,28.3977
1967-10-01,Japan,26.9525
1967-10-01,United States,14.55877
1968-01-01,Canada,15.70696
1968-01-01,Germany,28.70831
1968-01-01,Japan,27.31107
1968-01-01,United States,14.69625
1968-04-01,Canada,15.79848
1968-04-01,Germany,28.78692
1968-04-01,Japan,27.5745
1968-04-01,United States,14.86122
1968-07-01,Canada,16.07333
1968-07-01,Germany,28.78363
1968-07-01,Japan,27.8222
1968-07-01,United States,15.067429999999998
1968-10-01,Canada,16.23697
1968-10-01,Germany,28.9527
1968-10-01,Japan,28.34221
1968-10-01,United States,15.28739
1969-01-01,Canada,16.32282
1969-01-01,Germany,29.21635
1969-01-01,Japan,28.46051
1969-01-01,New Zealand,6.211192
1969-01-01,United States,15.47986
1969-04-01,Canada,16.694760000000002
1969-04-01,Germany,29.35061
1969-04-01,Japan,29.04295
1969-04-01,New Zealand,6.274564
1969-04-01,United States,15.75482
1969-07-01,Canada,16.86731
1969-07-01,Germany,29.37082
1969-07-01,Japan,29.61891
1969-07-01,New Zealand,6.338483999999999
1969-07-01,United States,15.94728
1969-10-01,Canada,16.98215
1969-10-01,Germany,29.536590000000004
1969-10-01,Japan,30.08442
1969-10-01,New Zealand,6.385554
1969-10-01,United States,16.20849
1970-01-01,Canada,17.17955
1970-01-01,France,15.06122
1970-01-01,Germany,30.10495
1970-01-01,Japan,30.9949
1970-01-01,New Zealand,6.521818
1970-01-01,Sweden,14.27194
1970-01-01,United Kingdom,8.957927999999999
1970-01-01,United States,16.42845
1970-04-01,Canada,17.25722
1970-04-01,France,15.24605
1970-04-01,Germany,30.39742
1970-04-01,Japan,31.58975
1970-04-01,New Zealand,6.614242
1970-04-01,Sweden,14.46813
1970-04-01,United Kingdom,9.201619
1970-04-01,United States,16.71715
1970-07-01,Canada,17.42773
1970-07-01,France,15.38576
1970-07-01,Germany,30.4568
1970-07-01,Japan,31.84362
1970-07-01,New Zealand,6.740664
1970-07-01,Sweden,14.65244
1970-07-01,United Kingdom,9.345517999999998
1970-07-01,United States,16.93711
1970-10-01,Canada,17.41524
1970-10-01,France,15.55315
1970-10-01,Germany,30.78182
1970-10-01,Japan,32.642959999999995
1970-10-01,New Zealand,7.0315330000000005
1970-10-01,Sweden,14.87676
1970-10-01,United Kingdom,9.531077
1970-10-01,United States,17.26706
1971-01-01,Canada,17.50534
1971-01-01,France,15.76772
1971-01-01,Germany,31.50317
1971-01-01,Japan,33.08805
1971-01-01,New Zealand,7.214094999999999
1971-01-01,Sweden,15.42158
1971-01-01,United Kingdom,9.762148
1971-01-01,United States,17.37704
1971-04-01,Australia,9.746926
1971-04-01,Canada,17.68473
1971-04-01,France,15.99899
1971-04-01,Germany,31.99036
1971-04-01,Japan,33.89133
1971-04-01,New Zealand,7.396507000000001
1971-04-01,Sweden,15.4004
1971-04-01,United Kingdom,10.08718
1971-04-01,United States,17.55576
1971-07-01,Australia,10.08179
1971-07-01,Canada,17.968729999999997
1971-07-01,France,16.20459
1971-07-01,Germany,32.334109999999995
1971-07-01,Japan,34.24935
1971-07-01,New Zealand,7.545145
1971-07-01,Sweden,15.58942
1971-07-01,United Kingdom,10.22542
1971-07-01,United States,17.72073
1971-10-01,Australia,10.2738
1971-10-01,Canada,18.11211
1971-10-01,France,16.42531
1971-10-01,Germany,32.63596
1971-10-01,Japan,34.70005
1971-10-01,New Zealand,7.719282000000001
1971-10-01,Sweden,15.88234
1971-10-01,United Kingdom,10.3354
1971-10-01,United States,17.85821
1972-01-01,Australia,10.37534
1972-01-01,Canada,18.31331
1972-01-01,France,16.62796
1972-01-01,Germany,33.25904
1972-01-01,Japan,34.968309999999995
1972-01-01,New Zealand,7.87334
1972-01-01,Sweden,16.17204
1972-01-01,United Kingdom,10.47508
1972-01-01,United States,17.94069
1972-04-01,Australia,10.49454
1972-04-01,Canada,18.51247
1972-04-01,France,16.866410000000002
1972-04-01,Germany,33.61526
1972-04-01,Japan,35.78483
1972-04-01,New Zealand,7.978363000000001
1972-04-01,Sweden,16.35933
1972-04-01,United Kingdom,10.69228
1972-04-01,United States,18.09192
1972-07-01,Australia,10.68812
1972-07-01,Canada,18.83664
1972-07-01,France,17.19267
1972-07-01,Germany,34.0911
1972-07-01,Japan,36.1402
1972-07-01,New Zealand,8.092583
1972-07-01,Sweden,16.569329999999997
1972-07-01,United Kingdom,10.85827
1972-07-01,United States,18.24314
1972-10-01,Australia,10.77776
1972-10-01,Canada,18.99887
1972-10-01,France,17.54475
1972-10-01,Germany,34.55552
1972-10-01,Japan,36.6602
1972-10-01,New Zealand,8.191146
1972-10-01,Sweden,16.78139
1972-10-01,United Kingdom,11.14293
1972-10-01,United States,18.39437
1973-01-01,Australia,10.93323
1973-01-01,Canada,19.25265
1973-01-01,France,17.689610000000002
1973-01-01,Germany,35.2723
1973-01-01,Japan,37.50719
1973-01-01,New Zealand,8.348358000000001
1973-01-01,Sweden,17.14459
1973-01-01,United Kingdom,11.26813
1973-01-01,United States,18.44936
1973-04-01,Australia,11.30815
1973-04-01,Canada,19.61397
1973-04-01,France,18.02924
1973-04-01,Germany,35.90496
1973-04-01,Japan,39.45814
1973-04-01,New Zealand,8.556141
1973-04-01,Sweden,17.42312
1973-04-01,United Kingdom,11.63757
1973-04-01,United States,18.669320000000003
1973-07-01,Australia,11.63788
1973-07-01,Canada,20.09063
1973-07-01,France,18.44415
1973-07-01,Germany,36.2836
1973-07-01,Japan,40.69278
1973-07-01,New Zealand,8.728411
1973-07-01,Sweden,17.60962
1973-07-01,United Kingdom,11.83447
1973-07-01,United States,18.86179
1973-10-01,Australia,11.98604
1973-10-01,Canada,20.43116
1973-10-01,France,18.89469
1973-10-01,Germany,36.72245
1973-10-01,Japan,42.31558
1973-10-01,New Zealand,8.925138
1973-10-01,Sweden,17.94645
1973-10-01,United Kingdom,12.14972
1973-10-01,United States,19.21922
1974-01-01,Australia,12.37278
1974-01-01,Canada,20.85393
1974-01-01,France,19.38236
1974-01-01,Germany,37.58986
1974-01-01,Japan,45.45087
1974-01-01,New Zealand,9.136924
1974-01-01,Sweden,18.53588
1974-01-01,United Kingdom,12.4714
1974-01-01,United States,19.43919
1974-04-01,Australia,12.85827
1974-04-01,Canada,21.53576
1974-04-01,France,20.1527
1974-04-01,Germany,38.35616
1974-04-01,Japan,47.51886
1974-04-01,New Zealand,9.388944
1974-04-01,Sweden,18.75789
1974-04-01,United Kingdom,13.23552
1974-04-01,United States,19.97535
1974-07-01,Australia,13.60084
1974-07-01,Canada,22.13719
1974-07-01,France,20.8466
1974-07-01,Germany,38.7732
1974-07-01,Japan,48.98848
1974-07-01,New Zealand,9.751781
1974-07-01,Sweden,19.10011
1974-07-01,United Kingdom,13.55406
1974-07-01,United States,20.66273
1974-10-01,Australia,14.18561
1974-10-01,Canada,22.80697
1974-10-01,France,21.55388
1974-10-01,Germany,39.29987
1974-10-01,Japan,50.9315
1974-10-01,New Zealand,10.12886
1974-10-01,Sweden,20.07423
1974-10-01,United Kingdom,14.11269
1974-10-01,United States,21.32262
1975-01-01,Australia,14.78958
1975-01-01,Canada,23.20306
1975-01-01,France,22.1501
1975-01-01,Germany,39.98912
1975-01-01,Japan,51.82959
1975-01-01,New Zealand,10.50184
1975-01-01,Sweden,20.25599
1975-01-01,United Kingdom,14.64993
1975-01-01,United States,21.68006
1975-04-01,Australia,15.26769
1975-04-01,Canada,23.75854
1975-04-01,France,22.71435
1975-04-01,Germany,40.69473
1975-04-01,Japan,53.502880000000005
1975-04-01,New Zealand,10.8868
1975-04-01,Sweden,20.73899
1975-04-01,United Kingdom,16.11306
1975-04-01,United States,22.06499
1975-07-01,Australia,15.34649
1975-07-01,Canada,24.35346
1975-07-01,France,23.23442
1975-07-01,Germany,40.93995
1975-07-01,Japan,54.11261999999999
1975-07-01,New Zealand,11.24903
1975-07-01,Sweden,21.25667
1975-07-01,United Kingdom,16.89963
1975-07-01,United States,22.38119
1975-10-01,Australia,16.26792
1975-10-01,Canada,24.9032
1975-10-01,France,23.73126
1975-10-01,Germany,41.21274
1975-10-01,Japan,55.28496
1975-10-01,New Zealand,11.77039
1975-10-01,Sweden,21.72789
1975-10-01,United Kingdom,17.48207
1975-10-01,United States,22.779870000000003
1976-01-01,Australia,16.6979
1976-01-01,Canada,25.33093
1976-01-01,France,24.27389
1976-01-01,Germany,41.85917
1976-01-01,Japan,56.6841
1976-01-01,New Zealand,12.28526
1976-01-01,Sweden,22.25138
1976-01-01,United Kingdom,17.93856
1976-01-01,United States,23.10981
1976-04-01,Australia,17.17435
1976-04-01,Canada,25.76488
1976-04-01,France,24.76296
1976-04-01,Germany,42.26538
1976-04-01,Japan,58.717380000000006
1976-04-01,New Zealand,12.72748
1976-04-01,Sweden,22.80362
1976-04-01,United Kingdom,18.5736
1976-04-01,United States,23.49475
1976-07-01,Australia,17.58333
1976-07-01,Canada,26.19315
1976-07-01,France,25.34325
1976-07-01,Germany,42.44946
1976-07-01,Japan,59.40541999999999
1976-07-01,New Zealand,13.07055
1976-07-01,Sweden,23.12404
1976-07-01,United Kingdom,19.03311
1976-07-01,United States,23.89343
1976-10-01,Australia,18.75256
1976-10-01,Canada,26.61259
1976-10-01,France,25.89338
1976-10-01,Germany,42.76035
1976-10-01,Japan,60.88417
1976-10-01,New Zealand,13.46311
1976-10-01,Sweden,23.76311
1976-10-01,United Kingdom,19.69694
1976-10-01,United States,24.250870000000003
1977-01-01,Australia,19.14657
1977-01-01,Canada,27.10082
1977-01-01,France,26.20749
1977-01-01,Germany,43.43086
1977-01-01,Japan,61.875690000000006
1977-01-01,New Zealand,13.7931
1977-01-01,Sweden,24.34587
1977-01-01,United Kingdom,20.68546
1977-01-01,United States,24.553320000000003
1977-04-01,Australia,19.667820000000003
1977-04-01,Canada,27.69895
1977-04-01,France,26.93626
1977-04-01,Germany,43.87784
1977-04-01,Japan,63.860780000000005
1977-04-01,New Zealand,14.36278
1977-04-01,Sweden,25.23971
1977-04-01,United Kingdom,21.61136
1977-04-01,United States,25.00699
1977-07-01,Australia,19.99165
1977-07-01,Canada,28.21518
1977-07-01,France,27.56846
1977-07-01,Germany,44.06068
1977-07-01,Japan,64.28455
1977-07-01,New Zealand,14.81711
1977-07-01,Sweden,26.0274
1977-07-01,United Kingdom,22.07614
1977-07-01,United States,25.37818
1977-10-01,Australia,20.43228
1977-10-01,Canada,28.72498
1977-10-01,France,28.1111
1977-10-01,Germany,44.24587
1977-10-01,Japan,65.08434
1977-10-01,New Zealand,15.36929
1977-10-01,Sweden,26.65113
1977-10-01,United Kingdom,22.53302
1977-10-01,United States,25.73561
1978-01-01,Australia,20.79031
1978-01-01,Canada,29.23466
1978-01-01,France,28.5895
1978-01-01,Germany,44.82815
1978-01-01,Japan,65.44893
1978-01-01,New Zealand,15.74077
1978-01-01,Sweden,27.57214
1978-01-01,United Kingdom,22.96679
1978-01-01,United States,26.1068
1978-04-01,Australia,21.10798
1978-04-01,Canada,29.71235
1978-04-01,France,29.43395
1978-04-01,Germany,45.26151
1978-04-01,Japan,67.07683
1978-04-01,New Zealand,16.171960000000002
1978-04-01,Sweden,27.917440000000003
1978-04-01,United Kingdom,23.61326
1978-04-01,United States,26.69795
1978-07-01,Australia,21.47632
1978-07-01,Canada,30.33683
1978-07-01,France,30.14957
1978-07-01,Germany,45.31515
1978-07-01,Japan,67.57382
1978-07-01,New Zealand,16.53816
1978-07-01,Sweden,28.14891
1978-07-01,United Kingdom,24.08521
1978-07-01,United States,27.30285
1978-10-01,Australia,21.78145
1978-10-01,Canada,30.98825
1978-10-01,France,30.830820000000003
1978-10-01,Germany,45.47464
1978-10-01,Japan,68.32518
1978-10-01,New Zealand,17.02555
1978-10-01,Sweden,28.57591
1978-10-01,United Kingdom,24.58299
1978-10-01,United States,27.92149
1979-01-01,Australia,22.0996
1979-01-01,Canada,31.44305
1979-01-01,France,31.50004
1979-01-01,Germany,46.01495
1979-01-01,Japan,68.36428000000001
1979-01-01,New Zealand,17.40381
1979-01-01,Sweden,29.06817
1979-01-01,United Kingdom,25.24233
1979-01-01,United States,28.45765
1979-04-01,Australia,22.51518
1979-04-01,Canada,32.28611
1979-04-01,France,32.37172
1979-04-01,Germany,46.41492
1979-04-01,Japan,69.63701999999999
1979-04-01,New Zealand,17.97886
1979-04-01,Sweden,29.58126
1979-04-01,United Kingdom,26.15778
1979-04-01,United States,29.20002
1979-07-01,Australia,23.03583
1979-07-01,Canada,32.91534
1979-07-01,France,33.34787
1979-07-01,Germany,46.95009
1979-07-01,Japan,69.94141
1979-07-01,New Zealand,18.80146
1979-07-01,Sweden,30.04338
1979-07-01,United Kingdom,27.813640000000003
1979-07-01,United States,29.98364
1979-10-01,Australia,23.66017
1979-10-01,Canada,33.68685
1979-10-01,France,34.29581
1979-10-01,Germany,47.48921
1979-10-01,Japan,70.84739
1979-10-01,New Zealand,19.49146
1979-10-01,Sweden,31.0564
1979-10-01,United Kingdom,28.61549
1979-10-01,United States,30.90473
1980-01-01,Australia,24.0514
1980-01-01,Canada,34.341190000000005
1980-01-01,France,35.44655
1980-01-01,Germany,48.27682
1980-01-01,Japan,71.58395
1980-01-01,New Zealand,20.1781
1980-01-01,Sweden,32.51548
1980-01-01,United Kingdom,30.0736
1980-01-01,United States,31.92206
1980-04-01,Australia,24.71603
1980-04-01,Canada,35.2653
1980-04-01,France,36.63921
1980-04-01,Germany,49.08337
1980-04-01,Japan,73.6697
1980-04-01,New Zealand,21.02091
1980-04-01,Sweden,33.114290000000004
1980-04-01,United Kingdom,31.8622
1980-04-01,United States,33.07686
1980-07-01,Australia,25.13733
1980-07-01,Canada,36.15656
1980-07-01,France,37.84847
1980-07-01,Germany,49.4897
1980-07-01,Japan,74.54545999999999
1980-07-01,New Zealand,21.79388
1980-07-01,Sweden,33.87474
1980-07-01,United Kingdom,32.44521
1980-07-01,United States,33.599270000000004
1980-10-01,Australia,25.67608
1980-10-01,Canada,36.93435
1980-10-01,France,38.86675
1980-10-01,Germany,49.88515
1980-10-01,Japan,75.61527
1980-10-01,New Zealand,22.56642
1980-10-01,Sweden,35.17923
1980-10-01,United Kingdom,33.10816
1980-10-01,United States,34.67159
1981-01-01,Australia,26.15485
1981-01-01,Canada,38.01511
1981-01-01,France,39.90356
1981-01-01,Germany,50.88282
1981-01-01,Japan,75.82925
1981-01-01,New Zealand,23.2399
1981-01-01,Sweden,36.33803
1981-01-01,United Kingdom,33.69596
1981-01-01,United States,35.34523
1981-04-01,Australia,26.69441
1981-04-01,Canada,39.06521
1981-04-01,France,41.13562
1981-04-01,Germany,51.74325
1981-04-01,Japan,77.32981
1981-04-01,New Zealand,24.16047
1981-04-01,Sweden,37.19026
1981-04-01,United Kingdom,35.38965
1981-04-01,United States,36.19758
1981-07-01,Australia,27.2579
1981-07-01,Canada,40.15191
1981-07-01,France,42.49257
1981-07-01,Germany,52.41548
1981-07-01,Japan,77.6844
1981-07-01,New Zealand,25.09822
1981-07-01,Sweden,37.75072
1981-07-01,United Kingdom,35.81078
1981-07-01,United States,37.46236
1981-10-01,Australia,28.520390000000003
1981-10-01,Canada,41.33028
1981-10-01,France,43.87673
1981-10-01,Germany,53.05143
1981-10-01,Japan,78.68929
1981-10-01,New Zealand,26.10677
1981-10-01,Sweden,38.19874
1981-10-01,United Kingdom,36.75873
1981-10-01,United States,38.21849
1982-01-01,Australia,29.21814
1982-01-01,Canada,42.32887
1982-01-01,France,45.099
1982-01-01,Germany,53.6542
1982-01-01,Japan,78.45129
1982-01-01,New Zealand,26.99169
1982-01-01,Sweden,39.20771
1982-01-01,United Kingdom,37.30892
1982-01-01,United States,38.54843
1982-04-01,Australia,29.93579
1982-04-01,Canada,43.45179
1982-04-01,France,46.43931
1982-04-01,Germany,54.21527
1982-04-01,Japan,79.66716
1982-04-01,New Zealand,28.40706
1982-04-01,Sweden,39.84922
1982-04-01,United Kingdom,38.48778
1982-04-01,United States,39.34579
1982-07-01,Australia,30.8382
1982-07-01,Canada,44.4136
1982-07-01,France,47.00809
1982-07-01,Germany,54.83451
1982-07-01,Japan,79.93406999999999
1982-07-01,New Zealand,29.56388
1982-07-01,Sweden,40.27758
1982-07-01,United Kingdom,38.66491
1982-07-01,United States,40.01943
1982-10-01,Australia,31.83371
1982-10-01,Canada,45.32663
1982-10-01,France,47.73084
1982-10-01,Germany,55.35357
1982-10-01,Japan,80.87411999999999
1982-10-01,New Zealand,30.59892
1982-10-01,Sweden,41.21955
1982-10-01,United Kingdom,38.8172
1982-10-01,United States,40.21189
1983-01-01,Australia,32.48788
1983-01-01,Canada,45.72626
1983-01-01,France,49.15571
1983-01-01,Germany,55.99941999999999
1983-01-01,Japan,80.35598
1983-01-01,New Zealand,30.87081
1983-01-01,Sweden,42.4777
1983-01-01,United Kingdom,38.94882
1983-01-01,United States,40.36312
1983-04-01,Australia,33.103790000000004
1983-04-01,Canada,46.2721
1983-04-01,France,50.57425
1983-04-01,Germany,56.30265
1983-04-01,Japan,81.59188
1983-04-01,New Zealand,31.23862
1983-04-01,Sweden,43.21858
1983-04-01,United Kingdom,39.88664
1983-04-01,United States,40.7618
1983-07-01,Australia,33.604
1983-07-01,Canada,46.87595
1983-07-01,France,51.63026
1983-07-01,Germany,56.90277
1983-07-01,Japan,81.56175999999999
1983-07-01,New Zealand,31.44328
1983-07-01,Sweden,43.86025
1983-07-01,United Kingdom,40.39927
1983-07-01,United States,41.28421
1983-10-01,Australia,34.4888
1983-10-01,Canada,47.48993
1983-10-01,France,52.55264
1983-10-01,Germany,57.19608
1983-10-01,Japan,82.69646
1983-10-01,New Zealand,31.67844
1983-10-01,Sweden,44.85588
1983-10-01,United Kingdom,40.81811
1983-10-01,United States,41.93036
1984-01-01,Australia,34.18761
1984-01-01,Canada,47.77571
1984-01-01,France,53.45234
1984-01-01,Germany,57.61788000000001
1984-01-01,Japan,82.48849
1984-01-01,New Zealand,31.98767
1984-01-01,Sweden,45.88519
1984-01-01,United Kingdom,40.99304
1984-01-01,United States,42.32904
1984-04-01,Australia,34.337709999999994
1984-04-01,Canada,48.20778
1984-04-01,France,54.45656999999999
1984-04-01,Germany,57.92524
1984-04-01,Japan,83.69188
1984-04-01,New Zealand,32.76702
1984-04-01,Sweden,46.59816
1984-04-01,United Kingdom,41.87342
1984-04-01,United States,42.8377
1984-07-01,Australia,34.73547
1984-07-01,Canada,48.572590000000005
1984-07-01,France,55.2676
1984-07-01,Germany,58.03183000000001
1984-07-01,Japan,83.75237
1984-07-01,New Zealand,33.59361
1984-07-01,Sweden,47.12538
1984-07-01,United Kingdom,42.4557
1984-07-01,United States,43.37386
1984-10-01,Australia,35.24098
1984-10-01,Canada,49.037690000000005
1984-10-01,France,55.98732
1984-10-01,Germany,58.46746
1984-10-01,Japan,84.94233
1984-10-01,New Zealand,34.60226
1984-10-01,Sweden,48.241890000000005
1984-10-01,United Kingdom,43.08863
1984-10-01,United States,43.92376
1985-01-01,Australia,35.72007
1985-01-01,Canada,49.41777
1985-01-01,France,56.68578
1985-01-01,Germany,58.94466
1985-01-01,Japan,84.82207
1985-01-01,New Zealand,36.15314
1985-01-01,Sweden,49.21808
1985-01-01,United Kingdom,43.56737
1985-01-01,United States,44.29495
1985-04-01,Australia,36.51204
1985-04-01,Canada,50.07536
1985-04-01,France,57.65836
1985-04-01,Germany,59.303540000000005
1985-04-01,Japan,85.86953000000001
1985-04-01,New Zealand,37.8978
1985-04-01,Sweden,50.09686
1985-04-01,United Kingdom,45.17153
1985-04-01,United States,44.76237
1985-07-01,Australia,37.39148
1985-07-01,Canada,50.751000000000005
1985-07-01,France,58.35072
1985-07-01,Germany,59.30675
1985-07-01,Japan,86.02123
1985-07-01,New Zealand,39.06949
1985-07-01,Sweden,50.18704
1985-07-01,United Kingdom,45.455090000000006
1985-07-01,United States,45.1473
1985-10-01,Australia,38.24237
1985-10-01,Canada,51.18719
1985-10-01,France,58.86809
1985-10-01,Germany,59.45006
1985-10-01,Japan,86.63663000000001
1985-10-01,New Zealand,40.26944
1985-10-01,Sweden,51.18821
1985-10-01,United Kingdom,45.7663
1985-10-01,United States,45.807190000000006
1986-01-01,Australia,39.13538
1986-01-01,Canada,51.79002
1986-01-01,France,59.35764
1986-01-01,Germany,59.7527
1986-01-01,Japan,86.42666
1986-01-01,New Zealand,41.25062
1986-01-01,Sweden,51.93185
1986-01-01,United Kingdom,46.11674
1986-01-01,United States,46.16463
1986-04-01,Australia,40.01373
1986-04-01,Canada,52.77245
1986-04-01,France,60.04536
1986-04-01,Germany,59.7622
1986-04-01,Japan,87.32874
1986-04-01,New Zealand,42.60213
1986-04-01,Sweden,52.32062
1986-04-01,United Kingdom,47.00887
1986-04-01,United States,46.56331
1986-07-01,Australia,40.95923
1986-07-01,Canada,53.45324
1986-07-01,France,60.62962
1986-07-01,Germany,59.738240000000005
1986-07-01,Japan,87.34164
1986-07-01,New Zealand,44.39219
1986-07-01,Sweden,52.71389
1986-07-01,United Kingdom,47.13486
1986-07-01,United States,46.98949
1986-10-01,Australia,42.14304
1986-10-01,Canada,54.07108
1986-10-01,France,61.15039
1986-10-01,Germany,59.74652
1986-10-01,Japan,87.77466
1986-10-01,New Zealand,48.14203
1986-10-01,Sweden,53.42842
1986-10-01,United Kingdom,47.84344
1986-10-01,United States,47.56689
1987-01-01,Australia,43.12073
1987-01-01,Canada,54.41511
1987-01-01,France,61.90091999999999
1987-01-01,Germany,60.211940000000006
1987-01-01,Japan,87.49224
1987-01-01,New Zealand,49.44685
1987-01-01,Sweden,54.21325
1987-01-01,United Kingdom,48.35162
1987-01-01,United States,47.93808
1987-04-01,Australia,44.03
1987-04-01,Canada,55.14245
1987-04-01,France,62.56827
1987-04-01,Germany,60.473780000000005
1987-04-01,Japan,88.41897
1987-04-01,New Zealand,51.08523
1987-04-01,Sweden,54.63958
1987-04-01,United Kingdom,49.20146
1987-04-01,United States,48.48799
1987-07-01,Australia,44.83096
1987-07-01,Canada,55.76831
1987-07-01,France,62.97292
1987-07-01,Germany,60.520680000000006
1987-07-01,Japan,88.44582
1987-07-01,New Zealand,52.00982
1987-07-01,Sweden,55.2088
1987-07-01,United Kingdom,49.47644
1987-07-01,United States,48.94166
1987-10-01,Australia,45.58626
1987-10-01,Canada,56.29032
1987-10-01,France,63.3198
1987-10-01,Germany,60.67772
1987-10-01,Japan,88.82056
1987-10-01,New Zealand,53.32841
1987-10-01,Sweden,56.24493
1987-10-01,United Kingdom,50.09563
1987-10-01,United States,49.62904
1988-01-01,Australia,46.39696
1988-01-01,Canada,56.89096
1988-01-01,France,63.73599
1988-01-01,Germany,61.16197
1988-01-01,Japan,88.39999
1988-01-01,New Zealand,54.29974
1988-01-01,Sweden,57.04097
1988-01-01,United Kingdom,50.29803
1988-01-01,United States,50.01398
1988-04-01,Australia,47.29076
1988-04-01,Canada,57.68789
1988-04-01,France,64.41988
1988-04-01,Germany,61.4418
1988-04-01,Japan,89.19559
1988-04-01,New Zealand,54.60767
1988-04-01,Sweden,58.1794
1988-04-01,United Kingdom,51.62851
1988-04-01,United States,50.60513
1988-07-01,Australia,48.07576
1988-07-01,Canada,58.33772
1988-07-01,France,65.00353
1988-07-01,Germany,61.63506
1988-07-01,Japan,89.18743
1988-07-01,New Zealand,55.131130000000006
1988-07-01,Sweden,58.72221
1988-07-01,United Kingdom,52.46383
1988-07-01,United States,51.11379
1988-10-01,Australia,49.19639
1988-10-01,Canada,59.11224
1988-10-01,France,65.44624
1988-10-01,Germany,61.98102
1988-10-01,Japan,89.84121999999999
1988-10-01,New Zealand,55.75551
1988-10-01,Sweden,59.75479
1988-10-01,United Kingdom,53.76066
1988-10-01,United States,51.86991
1989-01-01,Australia,49.64909
1989-01-01,Canada,59.84998
1989-01-01,France,65.89726999999999
1989-01-01,Germany,62.71013000000001
1989-01-01,Japan,89.60692
1989-01-01,New Zealand,56.47247
1989-01-01,Sweden,60.70084
1989-01-01,United Kingdom,54.63511
1989-01-01,United States,52.36483
1989-04-01,Australia,50.75236
1989-04-01,Canada,60.77196
1989-04-01,France,66.50389
1989-04-01,Germany,63.27224
1989-04-01,Japan,91.73325
1989-04-01,New Zealand,56.95554
1989-04-01,Sweden,61.74566
1989-04-01,United Kingdom,56.13701999999999
1989-04-01,United States,52.90099
1989-07-01,Australia,51.85892
1989-07-01,Canada,61.68096
1989-07-01,France,67.00731
1989-07-01,Germany,63.30917
1989-07-01,Japan,91.86841
1989-07-01,New Zealand,58.65843
1989-07-01,Sweden,62.30868
1989-07-01,United Kingdom,56.74751
1989-07-01,United States,53.38215
1989-10-01,Australia,52.9265
1989-10-01,Canada,62.33134
1989-10-01,France,67.44248
1989-10-01,Germany,63.58879
1989-10-01,Japan,92.4782
1989-10-01,New Zealand,59.383680000000005
1989-10-01,Sweden,63.61937
1989-10-01,United Kingdom,57.912180000000006
1989-10-01,United States,54.12453000000001
1990-01-01,Australia,54.01592
1990-01-01,Canada,62.93032
1990-01-01,France,67.85042
1990-01-01,Germany,64.26678000000001
1990-01-01,Japan,92.4566
1990-01-01,New Zealand,60.08495
1990-01-01,South Korea,42.91821
1990-01-01,Sweden,65.78228
1990-01-01,United Kingdom,58.8774
1990-01-01,United States,54.81191
1990-04-01,Australia,54.81462
1990-04-01,Canada,63.51836
1990-04-01,France,68.53829
1990-04-01,Germany,64.63318000000001
1990-04-01,Japan,93.86553
1990-04-01,New Zealand,61.12812
1990-04-01,South Korea,44.03538
1990-04-01,Sweden,67.09594
1990-04-01,United Kingdom,61.85499
1990-04-01,United States,55.45805
1990-07-01,Australia,55.30265
1990-07-01,Canada,64.15576
1990-07-01,France,69.05632
1990-07-01,Germany,64.93366
1990-07-01,Japan,93.95263
1990-07-01,New Zealand,61.68898000000001
1990-07-01,South Korea,44.57421
1990-07-01,Sweden,68.03959
1990-07-01,United Kingdom,62.83012
1990-07-01,United States,56.24166
1990-10-01,Australia,56.411640000000006
1990-10-01,Canada,64.93706
1990-10-01,France,69.61017
1990-10-01,Germany,65.43436
1990-10-01,Japan,94.87247
1990-10-01,New Zealand,62.21998000000001
1990-10-01,South Korea,45.033
1990-10-01,Sweden,69.3974
1990-10-01,United Kingdom,63.74067
1990-10-01,United States,56.95654
1991-01-01,Australia,56.54247
1991-01-01,Canada,67.02662
1991-01-01,France,70.25155
1991-01-01,Germany,65.98555999999999
1991-01-01,Japan,94.9828
1991-01-01,New Zealand,62.81914
1991-01-01,South Korea,46.66961
1991-01-01,Sweden,73.14126
1991-01-01,United Kingdom,64.23943
1991-01-01,United States,57.82265
1991-04-01,Australia,56.90967
1991-04-01,Canada,67.7159
1991-04-01,France,70.83398000000001
1991-04-01,Germany,66.65607
1991-04-01,Japan,96.33405
1991-04-01,New Zealand,63.05171
1991-04-01,South Korea,47.78678
1991-04-01,Sweden,74.8264
1991-04-01,United Kingdom,65.3578
1991-04-01,United States,58.27632
1991-07-01,Australia,57.01617
1991-07-01,Canada,68.17564
1991-07-01,France,71.3587
1991-07-01,Germany,67.59853000000001
1991-07-01,Japan,96.48462
1991-07-01,New Zealand,63.25457
1991-07-01,South Korea,48.60491
1991-07-01,Sweden,74.95100000000001
1991-07-01,United Kingdom,65.63239
1991-07-01,United States,58.85372
1991-10-01,Australia,57.73336
1991-10-01,Canada,68.54151999999999
1991-10-01,France,71.98346
1991-10-01,Germany,69.0249
1991-10-01,Japan,97.42857
1991-10-01,New Zealand,63.25479
1991-10-01,South Korea,49.20334
1991-10-01,Sweden,76.43337
1991-10-01,United Kingdom,66.38264000000001
1991-10-01,United States,59.48611
1992-01-01,Australia,57.69143
1992-01-01,Canada,68.80395
1992-01-01,France,72.5518
1992-01-01,Germany,70.03828
1992-01-01,Japan,97.31571
1992-01-01,New Zealand,63.62621
1992-01-01,South Korea,50.18156
1992-01-01,Sweden,77.21665
1992-01-01,United Kingdom,66.75358
1992-01-01,United States,60.06351
1992-04-01,Australia,57.44234
1992-04-01,Canada,69.11222
1992-04-01,France,73.18977
1992-04-01,Germany,70.87586
1992-04-01,Japan,99.02361
1992-04-01,New Zealand,63.8518
1992-04-01,South Korea,51.17884
1992-04-01,Sweden,77.59449000000001
1992-04-01,United Kingdom,68.37791
1992-04-01,United States,60.51719
1992-07-01,Australia,57.50984
1992-07-01,Canada,69.33614
1992-07-01,France,73.65001
1992-07-01,Germany,71.57648
1992-07-01,Japan,98.8617
1992-07-01,New Zealand,63.84208
1992-07-01,South Korea,51.39783
1992-07-01,Sweden,78.07816
1992-07-01,United Kingdom,68.51424
1992-07-01,United States,60.91587
1992-10-01,Australia,57.78128
1992-10-01,Canada,69.78419
1992-10-01,France,74.03198
1992-10-01,Germany,71.93454
1992-10-01,Japan,99.51456
1992-10-01,New Zealand,63.95271999999999
1992-10-01,South Korea,51.77692
1992-10-01,Sweden,79.19779
1992-10-01,United Kingdom,68.72976
1992-10-01,United States,61.52076
1993-01-01,Australia,58.18489
1993-01-01,Canada,70.20073000000001
1993-01-01,France,74.65987
1993-01-01,Germany,74.04926999999999
1993-01-01,Japan,99.00834
1993-01-01,New Zealand,63.89484
1993-01-01,South Korea,52.83484
1993-01-01,Sweden,80.84263
1993-01-01,United Kingdom,67.95635
1993-01-01,United States,62.15316
1993-04-01,Australia,58.54932
1993-04-01,Canada,70.31891999999999
1993-04-01,France,75.21777
1993-04-01,Germany,74.73454
1993-04-01,Japan,100.3217
1993-04-01,New Zealand,64.55926
1993-04-01,South Korea,53.91145
1993-04-01,Sweden,81.3893
1993-04-01,United Kingdom,69.05354
1993-04-01,United States,62.579330000000006
1993-07-01,Australia,58.79318000000001
1993-07-01,Canada,70.68075
1993-07-01,France,75.48604
1993-07-01,Germany,75.56049
1993-07-01,Japan,100.3235
1993-07-01,New Zealand,64.91457
1993-07-01,South Korea,54.15195
1993-07-01,Sweden,81.39848
1993-07-01,United Kingdom,69.36713
1993-07-01,United States,62.89553000000001
1993-10-01,Australia,58.8029
1993-10-01,Canada,71.18271999999999
1993-10-01,France,75.79996
1993-10-01,Germany,75.69028
1993-10-01,Japan,100.6989
1993-10-01,New Zealand,65.14275
1993-10-01,South Korea,54.4517
1993-10-01,Sweden,82.54377
1993-10-01,United Kingdom,69.79153000000001
1993-10-01,United States,63.41794
1994-01-01,Australia,59.19266999999999
1994-01-01,Canada,70.73222
1994-01-01,France,76.20055
1994-01-01,Germany,76.4671
1994-01-01,Japan,100.0512
1994-01-01,New Zealand,65.1524
1994-01-01,South Korea,55.68736
1994-01-01,Sweden,82.73335
1994-01-01,United Kingdom,69.77096
1994-01-01,United States,63.94035
1994-04-01,Australia,59.53634
1994-04-01,Canada,70.35063000000001
1994-04-01,France,76.60708000000001
1994-04-01,Germany,76.91041
1994-04-01,Japan,101.3203
1994-04-01,New Zealand,65.58859
1994-04-01,South Korea,56.74493
1994-04-01,Sweden,83.39177
1994-04-01,United Kingdom,70.90586
1994-04-01,United States,64.35278000000001
1994-07-01,Australia,59.8792
1994-07-01,Canada,70.64231
1994-07-01,France,76.80001
1994-07-01,Germany,77.42201999999999
1994-07-01,Japan,101.0478
1994-07-01,New Zealand,66.42608
1994-07-01,South Korea,57.38356
1994-07-01,Sweden,83.52552
1994-07-01,United Kingdom,70.90514
1994-07-01,United States,64.73772
1994-10-01,Australia,60.46681
1994-10-01,Canada,71.05181999999999
1994-10-01,France,77.14827
1994-10-01,Germany,77.46726
1994-10-01,Japan,101.5731
1994-10-01,New Zealand,67.29867
1994-10-01,South Korea,57.60396
1994-10-01,Sweden,84.47975
1994-10-01,United Kingdom,71.53073
1994-10-01,United States,65.17764
1995-01-01,Australia,61.31422
1995-01-01,Canada,71.64296
1995-01-01,France,77.48874
1995-01-01,Germany,78.22762
1995-01-01,Japan,101.0271
1995-01-01,New Zealand,68.18935
1995-01-01,South Korea,58.58078
1995-01-01,Sweden,84.8738
1995-01-01,United Kingdom,71.94779
1995-01-01,United States,65.81004
1995-04-01,Australia,62.32744
1995-04-01,Canada,72.09052
1995-04-01,France,77.89925
1995-04-01,Germany,78.46391
1995-04-01,Japan,101.6651
1995-04-01,New Zealand,68.86891
1995-04-01,South Korea,59.67785
1995-04-01,Sweden,85.66689000000001
1995-04-01,United Kingdom,73.35644
1995-04-01,United States,66.3187
1995-07-01,Australia,62.95887
1995-07-01,Canada,72.47009
1995-07-01,France,78.34843000000001
1995-07-01,Germany,79.07593
1995-07-01,Japan,101.5187
1995-07-01,New Zealand,69.2452
1995-07-01,South Korea,60.35633000000001
1995-07-01,Sweden,85.84673000000001
1995-07-01,United Kingdom,73.53499000000001
1995-07-01,United States,66.64864
1995-10-01,Australia,63.557030000000005
1995-10-01,Canada,72.64808000000001
1995-10-01,France,78.86411
1995-10-01,Germany,79.03236
1995-10-01,Japan,101.9242
1995-10-01,New Zealand,69.58385
1995-10-01,South Korea,60.85567
1995-10-01,Sweden,86.73923
1995-10-01,United Kingdom,73.70184
1995-10-01,United States,67.1573
1996-01-01,Australia,64.28841
1996-01-01,Canada,72.83636
1996-01-01,France,79.33
1996-01-01,Germany,79.7043
1996-01-01,Japan,101.3529
1996-01-01,New Zealand,69.95626
1996-01-01,South Korea,61.87339
1996-01-01,Sweden,87.26312
1996-01-01,United Kingdom,73.80672
1996-01-01,United States,67.70721
1996-04-01,Australia,64.69064
1996-04-01,Canada,73.14733000000001
1996-04-01,France,79.85619
1996-04-01,Germany,79.8437
1996-04-01,Japan,102.1965
1996-04-01,New Zealand,70.45448
1996-04-01,South Korea,62.77016
1996-04-01,Sweden,87.36589000000001
1996-04-01,United Kingdom,74.71335
1996-04-01,United States,68.09215
1996-07-01,Australia,64.83279
1996-07-01,Canada,73.48201999999999
1996-07-01,France,79.85757
1996-07-01,Germany,80.21327
1996-07-01,Japan,101.9191
1996-07-01,New Zealand,70.8147
1996-07-01,South Korea,63.26985
1996-07-01,Sweden,86.60854
1996-07-01,United Kingdom,74.81409000000001
1996-07-01,United States,68.42209
1996-10-01,Australia,64.73351
1996-10-01,Canada,73.75394
1996-10-01,France,79.96471
1996-10-01,Germany,80.20831
1996-10-01,Japan,102.3675
1996-10-01,New Zealand,71.34988
1996-10-01,South Korea,63.58934
1996-10-01,Sweden,86.82413000000001
1996-10-01,United Kingdom,75.48566
1996-10-01,United States,68.90326
1997-01-01,Australia,64.70554
1997-01-01,Canada,74.10696
1997-01-01,France,80.18412
1997-01-01,Germany,81.03461999999999
1997-01-01,Japan,101.7931
1997-01-01,New Zealand,71.00690999999999
1997-01-01,South Korea,64.16731999999999
1997-01-01,Sweden,86.62977
1997-01-01,United Kingdom,75.28419
1997-01-01,United States,69.39817
1997-04-01,Australia,64.43648
1997-04-01,Canada,74.48583
1997-04-01,France,80.57996
1997-04-01,Germany,81.09385999999999
1997-04-01,Japan,103.8918
1997-04-01,New Zealand,71.01749000000001
1997-04-01,South Korea,64.86591
1997-04-01,Sweden,87.23073000000001
1997-04-01,United Kingdom,76.09009
1997-04-01,United States,69.82435
1997-07-01,Australia,64.08791
1997-07-01,Canada,74.66323
1997-07-01,France,80.61192
1997-07-01,Germany,82.10023000000001
1997-07-01,Japan,103.904
1997-07-01,New Zealand,71.37501
1997-07-01,South Korea,65.36489
1997-07-01,Sweden,87.0453
1997-07-01,United Kingdom,76.15725
1997-07-01,United States,69.98931999999999
1997-10-01,Australia,64.24722
1997-10-01,Canada,74.67631
1997-10-01,France,80.67113
1997-10-01,Germany,81.92651
1997-10-01,Japan,104.8083
1997-10-01,New Zealand,71.85968000000001
1997-10-01,South Korea,65.86388000000001
1997-10-01,Sweden,87.98472
1997-10-01,United Kingdom,76.89599
1997-10-01,United States,70.42924000000001
1998-01-01,Australia,64.58221
1998-01-01,Canada,75.18385
1998-01-01,France,80.80283
1998-01-01,Germany,82.27701
1998-01-01,Japan,103.9338
1998-01-01,New Zealand,71.79618
1998-01-01,South Korea,67.89862
1998-01-01,Sweden,86.76156999999999
1998-01-01,United Kingdom,76.5602
1998-01-01,United States,70.92416
1998-04-01,Australia,64.94509000000001
1998-04-01,Canada,75.41908000000001
1998-04-01,France,81.26241
1998-04-01,Germany,82.46509
1998-04-01,Japan,104.5861
1998-04-01,New Zealand,72.20113
1998-04-01,South Korea,68.47695
1998-04-01,Sweden,86.99838000000001
1998-04-01,United Kingdom,77.33251
1998-04-01,United States,71.36409
1998-07-01,Australia,64.99551
1998-07-01,Canada,75.67565
1998-07-01,France,81.25182
1998-07-01,Germany,82.96413000000001
1998-07-01,Japan,104.2571
1998-07-01,New Zealand,72.47192
1998-07-01,South Korea,68.23751
1998-07-01,Sweden,86.42981999999999
1998-07-01,United Kingdom,77.16462
1998-07-01,United States,71.66653000000001
1998-10-01,Australia,65.22624
1998-10-01,Canada,75.81891999999999
1998-10-01,France,81.27387
1998-10-01,Germany,82.86523000000001
1998-10-01,Japan,104.6279
1998-10-01,New Zealand,71.77441999999999
1998-10-01,South Korea,68.09891999999999
1998-10-01,Sweden,86.80291
1998-10-01,United Kingdom,77.76904
1998-10-01,United States,72.07896
1999-01-01,Australia,65.17895
1999-01-01,Canada,75.89291999999999
1999-01-01,France,81.30502
1999-01-01,Germany,82.85757
1999-01-01,Japan,103.8265
1999-01-01,New Zealand,71.45528
1999-01-01,South Korea,68.07916999999999
1999-01-01,Sweden,86.62642
1999-01-01,United Kingdom,77.3661
1999-01-01,United States,72.47765
1999-04-01,Australia,65.35501
1999-04-01,Canada,76.56392
1999-04-01,France,81.7714
1999-04-01,Germany,82.85146999999999
1999-04-01,Japan,104.5456
1999-04-01,New Zealand,71.66636
1999-04-01,South Korea,68.05943
1999-04-01,Sweden,87.10674
1999-04-01,United Kingdom,78.0041
1999-04-01,United States,72.86258000000001
1999-07-01,Australia,65.73337
1999-07-01,Canada,76.99635
1999-07-01,France,81.70212
1999-07-01,Germany,83.25457
1999-07-01,Japan,104.1511
1999-07-01,New Zealand,71.95307
1999-07-01,South Korea,67.93881999999999
1999-07-01,Sweden,86.95818
1999-07-01,United Kingdom,77.6683
1999-07-01,United States,73.09629
1999-10-01,Australia,66.19513
1999-10-01,Canada,77.11269
1999-10-01,France,81.68732
1999-10-01,Germany,83.19407
1999-10-01,Japan,104.4274
1999-10-01,New Zealand,72.09900999999999
1999-10-01,South Korea,68.05943
1999-10-01,Sweden,87.49880999999999
1999-10-01,United Kingdom,78.07125
1999-10-01,United States,73.53622
2000-01-01,Australia,66.64908
2000-01-01,Canada,77.19296
2000-01-01,France,81.72936999999999
2000-01-01,Germany,83.34036
2000-01-01,Japan,103.5513
2000-01-01,New Zealand,73.47684
2000-01-01,South Korea,68.69841
2000-01-01,Sweden,86.83195
2000-01-01,United Kingdom,77.43325
2000-01-01,United States,74.07236999999999
2000-04-01,Australia,67.02261
2000-04-01,Canada,77.73611
2000-04-01,France,82.00344
2000-04-01,Germany,83.22565999999999
2000-04-01,Japan,103.9262
2000-04-01,New Zealand,74.06435
2000-04-01,South Korea,69.02213
2000-04-01,Sweden,87.36924
2000-04-01,United Kingdom,77.97051
2000-04-01,United States,74.62228
2000-07-01,Australia,69.8252
2000-07-01,Canada,78.23093
2000-07-01,France,82.10343
2000-07-01,Germany,83.56654
2000-07-01,Japan,103.6603
2000-07-01,New Zealand,74.7328
2000-07-01,South Korea,69.48304
2000-07-01,Sweden,87.17599
2000-07-01,United Kingdom,77.6683
2000-07-01,United States,74.96597
2000-10-01,Australia,69.9557
2000-10-01,Canada,78.55629
2000-10-01,France,82.28539
2000-10-01,Germany,83.68253
2000-10-01,Japan,103.3802
2000-10-01,New Zealand,75.58681
2000-10-01,South Korea,69.89845
2000-10-01,Sweden,87.9903
2000-10-01,United Kingdom,78.27273000000001
2000-10-01,United States,75.41965
2001-01-01,Australia,70.52045
2001-01-01,Canada,78.73059
2001-01-01,France,82.39474
2001-01-01,Germany,84.02150999999999
2001-01-01,Japan,102.562
2001-01-01,New Zealand,75.2644
2001-01-01,South Korea,71.00715
2001-01-01,Sweden,87.87749000000001
2001-01-01,United Kingdom,77.80261999999999
2001-01-01,United States,76.05204
2001-04-01,Australia,71.04397
2001-04-01,Canada,79.4985
2001-04-01,France,82.97084
2001-04-01,Germany,84.28291
2001-04-01,Japan,102.9858
2001-04-01,New Zealand,75.8261
2001-04-01,South Korea,71.74629
2001-04-01,Sweden,88.9811
2001-04-01,United Kingdom,78.77641
2001-04-01,United States,76.57445
2001-07-01,Australia,71.4927
2001-07-01,Canada,80.0575
2001-07-01,France,83.18826
2001-07-01,Germany,84.70487
2001-07-01,Japan,102.8384
2001-07-01,New Zealand,76.18670999999999
2001-07-01,South Korea,71.9078
2001-07-01,Sweden,89.08945
2001-07-01,United Kingdom,78.87715
2001-07-01,United States,76.97313
2001-10-01,Australia,72.04432
2001-10-01,Canada,79.94716
2001-10-01,France,83.45535
2001-10-01,Germany,85.08444
2001-10-01,Japan,102.7338
2001-10-01,New Zealand,76.78031
2001-10-01,South Korea,72.16135
2001-10-01,Sweden,89.85126
2001-10-01,United Kingdom,79.21294
2001-10-01,United States,77.46805
2002-01-01,Australia,72.77962
2002-01-01,Canada,80.2431
2002-01-01,France,83.98101
2002-01-01,Germany,85.58997
2002-01-01,Japan,101.8241
2002-01-01,New Zealand,77.08663
2002-01-01,South Korea,72.94703
2002-01-01,Sweden,89.59435
2002-01-01,United Kingdom,79.04504
2002-01-01,United States,77.97671
2002-04-01,Australia,73.21579
2002-04-01,Canada,81.40961999999999
2002-04-01,France,84.63428
2002-04-01,Germany,85.6899
2002-04-01,Japan,102.2855
2002-04-01,New Zealand,77.83395
2002-04-01,South Korea,73.87096
2002-04-01,Sweden,90.79069
2002-04-01,United Kingdom,79.81736
2002-04-01,United States,78.44413
2002-07-01,Australia,73.66964
2002-07-01,Canada,82.35676
2002-07-01,France,85.07507
2002-07-01,Germany,86.03232
2002-07-01,Japan,102.0837
2002-07-01,New Zealand,78.315
2002-07-01,South Korea,74.14813000000001
2002-07-01,Sweden,90.76053
2002-07-01,United Kingdom,79.95168000000001
2002-07-01,United States,78.71909000000001
2002-10-01,Australia,73.9926
2002-10-01,Canada,82.76853
2002-10-01,France,85.35783
2002-10-01,Germany,86.08774
2002-10-01,Japan,101.981
2002-10-01,New Zealand,78.95433
2002-10-01,South Korea,74.70248000000001
2002-10-01,Sweden,91.73681
2002-10-01,United Kingdom,80.52252
2002-10-01,United States,79.04903
2003-01-01,Australia,74.41976
2003-01-01,Canada,83.16702
2003-01-01,France,85.78177
2003-01-01,Germany,86.34499
2003-01-01,Japan,101.2803
2003-01-01,New Zealand,79.10036
2003-01-01,South Korea,75.55658000000001
2003-01-01,Sweden,91.43298
2003-01-01,United Kingdom,80.28747
2003-01-01,United States,79.36523000000001
2003-04-01,Australia,74.93304
2003-04-01,Canada,83.54222
2003-04-01,France,86.33663
2003-04-01,Germany,86.41846
2003-04-01,Japan,101.8505
2003-04-01,New Zealand,79.44474
2003-04-01,South Korea,76.41103000000001
2003-04-01,Sweden,91.94904
2003-04-01,United Kingdom,80.82474
2003-04-01,United States,79.64017
2003-07-01,Australia,75.4676
2003-07-01,Canada,83.72272
2003-07-01,France,86.55105999999999
2003-07-01,Germany,86.81557
2003-07-01,Japan,101.9344
2003-07-01,New Zealand,79.54231
2003-07-01,South Korea,76.52634
2003-07-01,Sweden,91.41175
2003-07-01,United Kingdom,80.95905
2003-07-01,United States,79.77766
2003-10-01,Australia,75.73663
2003-10-01,Canada,84.2538
2003-10-01,France,87.30649
2003-10-01,Germany,86.87693
2003-10-01,Japan,101.7929
2003-10-01,New Zealand,80.23801
2003-10-01,South Korea,76.78059
2003-10-01,Sweden,92.05962
2003-10-01,United Kingdom,81.362
2003-10-01,United States,79.98387
2004-01-01,Australia,76.05994
2004-01-01,Canada,84.3308
2004-01-01,France,87.76201999999999
2004-01-01,Germany,87.47742
2004-01-01,Japan,100.9254
2004-01-01,New Zealand,80.36218000000001
2004-01-01,South Korea,77.49681
2004-01-01,Sweden,91.57596
2004-01-01,United Kingdom,81.16051999999999
2004-01-01,United States,80.42379
2004-04-01,Australia,76.54021999999999
2004-04-01,Canada,84.70956
2004-04-01,France,88.34716999999999
2004-04-01,Germany,87.99828000000001
2004-04-01,Japan,101.3728
2004-04-01,New Zealand,80.76601
2004-04-01,South Korea,78.07373
2004-04-01,Sweden,91.94234
2004-04-01,United Kingdom,81.73137
2004-04-01,United States,81.05618
2004-07-01,Australia,76.84136
2004-07-01,Canada,84.86419000000001
2004-07-01,France,88.67719
2004-07-01,Germany,88.28648000000001
2004-07-01,Japan,101.3984
2004-07-01,New Zealand,81.37755
2004-07-01,South Korea,78.46621999999999
2004-07-01,Sweden,91.65638
2004-07-01,United Kingdom,81.76495
2004-07-01,United States,81.22116
2004-10-01,Australia,77.20971999999999
2004-10-01,Canada,85.26833
2004-10-01,France,88.92175
2004-10-01,Germany,88.52515
2004-10-01,Japan,101.3065
2004-10-01,New Zealand,82.09718000000001
2004-10-01,South Korea,78.53569
2004-10-01,Sweden,92.3266
2004-10-01,United Kingdom,82.23505
2004-10-01,United States,81.67483
2005-01-01,Australia,77.88157
2005-01-01,Canada,85.52582
2005-01-01,France,88.985
2005-01-01,Germany,88.57889
2005-01-01,Japan,100.6611
2005-01-01,New Zealand,82.37956
2005-01-01,South Korea,79.56116999999999
2005-01-01,Sweden,91.62733
2005-01-01,United Kingdom,82.2
2005-01-01,United States,82.29347
2005-04-01,Australia,78.20772
2005-04-01,Canada,85.8106
2005-04-01,France,89.58766999999999
2005-04-01,Germany,88.48804
2005-04-01,Japan,101.0523
2005-04-01,New Zealand,83.03119000000001
2005-04-01,South Korea,79.96213
2005-04-01,Sweden,91.97362
2005-04-01,United Kingdom,82.9
2005-04-01,United States,82.80214000000001
2005-07-01,Australia,78.46561
2005-07-01,Canada,85.9882
2005-07-01,France,89.68755
2005-07-01,Germany,88.78517
2005-07-01,Japan,100.9229
2005-07-01,New Zealand,83.63602
2005-07-01,South Korea,80.06863
2005-07-01,Sweden,91.53798
2005-07-01,United Kingdom,83.2
2005-07-01,United States,82.91212
2005-10-01,Australia,78.66727
2005-10-01,Canada,86.44936
2005-10-01,France,89.88747
2005-10-01,Germany,88.98405
2005-10-01,Japan,100.8324
2005-10-01,New Zealand,84.38699
2005-10-01,South Korea,80.22837
2005-10-01,Sweden,92.38133
2005-10-01,United Kingdom,83.6
2005-10-01,United States,83.40704000000001
2006-01-01,Australia,79.16382
2006-01-01,Canada,86.50166
2006-01-01,France,89.95708
2006-01-01,Germany,88.95749
2006-01-01,Japan,100.1443
2006-01-01,New Zealand,84.62233
2006-01-01,South Korea,80.867
2006-01-01,Sweden,91.80606
2006-01-01,United Kingdom,83.6
2006-01-01,United States,84.01193
2006-04-01,Australia,79.56989
2006-04-01,Canada,86.85931
2006-04-01,France,90.59326
2006-04-01,Germany,89.06515999999999
2006-04-01,Japan,100.6416
2006-04-01,New Zealand,85.53888
2006-04-01,South Korea,81.53349
2006-04-01,Sweden,92.56787
2006-04-01,United Kingdom,84.3
2006-04-01,United States,84.83679000000001
2006-07-01,Australia,80.1002
2006-07-01,Canada,86.99899
2006-07-01,France,90.74084
2006-07-01,Germany,89.4112
2006-07-01,Japan,100.5883
2006-07-01,New Zealand,85.93509
2006-07-01,South Korea,81.77399
2006-07-01,Sweden,92.51984
2006-07-01,United Kingdom,84.5
2006-07-01,United States,85.24922
2006-10-01,Australia,80.55790999999999
2006-10-01,Canada,87.78973
2006-10-01,France,91.02431
2006-10-01,Germany,89.81127
2006-10-01,Japan,100.6709
2006-10-01,New Zealand,86.28074000000001
2006-10-01,South Korea,82.0145
2006-10-01,Sweden,93.37995
2006-10-01,United Kingdom,85.2
2006-10-01,United States,85.60665999999999
2007-01-01,Australia,80.9621
2007-01-01,Canada,88.09988
2007-01-01,France,91.15713
2007-01-01,Germany,90.35304
2007-01-01,Japan,99.89877
2007-01-01,New Zealand,86.58962
2007-01-01,South Korea,82.84039
2007-01-01,Sweden,93.52405
2007-01-01,United Kingdom,85.2
2007-01-01,United States,86.20385999999999
2007-04-01,Australia,81.54135
2007-04-01,Canada,88.70007
2007-04-01,France,91.86909
2007-04-01,Germany,90.81969
2007-04-01,Japan,100.4277
2007-04-01,New Zealand,87.02447
2007-04-01,South Korea,83.61301999999999
2007-04-01,Sweden,94.68575
2007-04-01,United Kingdom,86.0
2007-04-01,United States,86.7616
2007-07-01,Australia,82.04433
2007-07-01,Canada,89.14243
2007-07-01,France,92.09556
2007-07-01,Germany,91.26609
2007-07-01,Japan,100.3647
2007-07-01,New Zealand,87.17085
2007-07-01,South Korea,83.85316999999999
2007-07-01,Sweden,95.07895
2007-07-01,United Kingdom,86.2
2007-07-01,United States,87.09071999999999
2007-10-01,Australia,82.68079
2007-10-01,Canada,89.30872
2007-10-01,France,92.51711
2007-10-01,Germany,91.58627
2007-10-01,Japan,100.5228
2007-10-01,New Zealand,87.77563
2007-10-01,South Korea,84.14587
2007-10-01,Sweden,96.45512
2007-10-01,United Kingdom,86.7
2007-10-01,United States,87.58756
2008-01-01,Australia,83.35755999999999
2008-01-01,Canada,89.06136
2008-01-01,France,92.62994
2008-01-01,Germany,91.77309
2008-01-01,Japan,100.0192
2008-01-01,New Zealand,87.90878000000001
2008-01-01,South Korea,85.21225
2008-01-01,Sweden,95.66873
2008-01-01,United Kingdom,86.6
2008-01-01,United States,88.24209
2008-04-01,Australia,84.55059
2008-04-01,Canada,89.49345
2008-04-01,France,93.36407
2008-04-01,Germany,91.91154
2008-04-01,Japan,100.5044
2008-04-01,New Zealand,88.29697
2008-04-01,South Korea,86.38443000000001
2008-04-01,Sweden,96.9198
2008-04-01,United Kingdom,87.6
2008-04-01,United States,88.78126999999999
2008-07-01,Australia,85.38309
2008-07-01,Canada,89.80244
2008-07-01,France,93.48774
2008-07-01,Germany,92.53033
2008-07-01,Japan,100.7775
2008-07-01,New Zealand,88.94957
2008-07-01,South Korea,87.10486999999999
2008-07-01,Sweden,97.21023
2008-07-01,United Kingdom,88.1
2008-07-01,United States,89.27495
2008-10-01,Australia,85.72025
2008-10-01,Canada,90.67712
2008-10-01,France,93.83607
2008-10-01,Germany,92.76291
2008-10-01,Japan,100.7812
2008-10-01,New Zealand,89.96261
2008-10-01,South Korea,87.71777
2008-10-01,Sweden,97.81566
2008-10-01,United Kingdom,88.4
2008-10-01,United States,89.33406
2009-01-01,Australia,85.80672
2009-01-01,Canada,90.69774
2009-01-01,France,93.97172
2009-01-01,Germany,92.89651
2009-01-01,Japan,99.86761
2009-01-01,New Zealand,90.22442
2009-01-01,South Korea,88.43751
2009-01-01,Sweden,95.7715
2009-01-01,United Kingdom,88.2
2009-01-01,United States,89.77811
2009-04-01,Australia,86.35313000000001
2009-04-01,Canada,91.31539
2009-04-01,France,94.6966
2009-04-01,Germany,93.13184
2009-04-01,Japan,100.0357
2009-04-01,New Zealand,90.45557
2009-04-01,South Korea,89.0236
2009-04-01,Sweden,95.81618
2009-04-01,United Kingdom,89.1
2009-04-01,United States,90.39827
2009-07-01,Australia,87.12955
2009-07-01,Canada,91.38613
2009-07-01,France,94.74125
2009-07-01,Germany,93.60461
2009-07-01,Japan,99.7604
2009-07-01,New Zealand,91.48996
2009-07-01,South Korea,89.42349
2009-07-01,Sweden,95.7715
2009-07-01,United Kingdom,89.5
2009-07-01,United States,90.60847
2009-10-01,Australia,87.5617
2009-10-01,Canada,91.6945
2009-10-01,France,94.83323
2009-10-01,Germany,93.73717
2009-10-01,Japan,99.58772
2009-10-01,New Zealand,91.91357
2009-10-01,South Korea,89.76943
2009-10-01,Sweden,96.56459
2009-10-01,United Kingdom,89.8
2009-10-01,United States,90.89126
2010-01-01,Australia,88.06571
2010-01-01,Canada,91.83302
2010-01-01,France,94.95556
2010-01-01,Germany,93.56934
2010-01-01,Japan,99.03804
2010-01-01,New Zealand,91.61567
2010-01-01,South Korea,90.30087
2010-01-01,Sweden,95.4498
2010-01-01,United Kingdom,89.9
2010-01-01,United States,90.97471
2010-04-01,Australia,88.75435999999999
2010-04-01,Canada,92.30697
2010-04-01,France,95.45934
2010-04-01,Germany,93.71518
2010-04-01,Japan,98.72858
2010-04-01,New Zealand,91.90196
2010-04-01,South Korea,90.60378
2010-04-01,Sweden,96.26858
2010-04-01,United Kingdom,90.8
2010-04-01,United States,91.23275
2010-07-01,Australia,89.72064
2010-07-01,Canada,92.67249
2010-07-01,France,95.55788
2010-07-01,Germany,94.16226
2010-07-01,Japan,98.20272
2010-07-01,New Zealand,92.67719
2010-07-01,South Korea,91.05869
2010-07-01,Sweden,96.49757
2010-07-01,United Kingdom,91.1
2010-07-01,United States,91.38287
2010-10-01,Australia,89.65695
2010-10-01,Canada,93.15589
2010-10-01,France,95.68238
2010-10-01,Germany,94.23632
2010-10-01,Japan,98.43234
2010-10-01,New Zealand,94.58075
2010-10-01,South Korea,91.27028
2010-10-01,Sweden,97.67156
2010-10-01,United Kingdom,91.7
2010-10-01,United States,91.55266
2011-01-01,Australia,90.10097
2011-01-01,Canada,93.22601
2011-01-01,France,95.72421
2011-01-01,Germany,94.26198
2011-01-01,Japan,97.8244
2011-01-01,New Zealand,94.53026
2011-01-01,South Korea,92.23898
2011-01-01,Sweden,97.87486
2011-01-01,United Kingdom,92.3
2011-01-01,United States,91.95506
2011-04-01,Australia,90.73672
2011-04-01,Canada,93.64217
2011-04-01,France,96.59303
2011-04-01,Germany,94.55669
2011-04-01,Japan,97.90133
2011-04-01,New Zealand,95.0256
2011-04-01,South Korea,93.02573
2011-04-01,Sweden,99.28902
2011-04-01,United Kingdom,93.3
2011-04-01,United States,92.59638
2011-07-01,Australia,91.35447
2011-07-01,Canada,93.89622
2011-07-01,France,96.51717
2011-07-01,Germany,95.04846
2011-07-01,Japan,97.77164
2011-07-01,New Zealand,95.56061
2011-07-01,South Korea,93.54058
2011-07-01,Sweden,99.65875
2011-07-01,United Kingdom,93.7
2011-07-01,United States,93.11659
2011-10-01,Australia,91.67447
2011-10-01,Canada,94.50434
2011-10-01,France,97.01534
2011-10-01,Germany,95.21152
2011-10-01,Japan,97.45525
2011-10-01,New Zealand,95.59558
2011-10-01,South Korea,93.72184
2011-10-01,Sweden,100.6764
2011-10-01,United Kingdom,94.3
2011-10-01,United States,93.53108
2012-01-01,Australia,92.09025
2012-01-01,Canada,94.64664
2012-01-01,France,97.13602
2012-01-01,Germany,95.42582
2012-01-01,Japan,97.25215
2012-01-01,New Zealand,96.06629
2012-01-01,South Korea,94.2702
2012-01-01,Sweden,99.77939
2012-01-01,United Kingdom,94.4
2012-01-01,United States,94.01157
2012-04-01,Australia,92.54213
2012-04-01,Canada,95.31998
2012-04-01,France,98.02185
2012-04-01,Germany,95.74966
2012-04-01,Japan,97.52472
2012-04-01,New Zealand,96.24702
2012-04-01,South Korea,94.3975
2012-04-01,Sweden,100.5557
2012-04-01,United Kingdom,95.2
2012-04-01,United States,94.69167
2012-07-01,Australia,93.39642
2012-07-01,Canada,94.9966
2012-07-01,France,97.9806
2012-07-01,Germany,96.2793
2012-07-01,Japan,97.1896
2012-07-01,New Zealand,96.38431
2012-07-01,South Korea,94.70007
2012-07-01,Sweden,100.2117
2012-07-01,United Kingdom,95.5
2012-07-01,United States,94.9783
2012-10-01,Australia,93.58985
2012-10-01,Canada,95.39019
2012-10-01,France,98.10143
2012-10-01,Germany,96.61896
2012-10-01,Japan,96.96321
2012-10-01,New Zealand,96.63807
2012-10-01,South Korea,95.00263
2012-10-01,Sweden,100.4049
2012-10-01,United Kingdom,96.4
2012-10-01,United States,95.3499
2013-01-01,Australia,94.0942
2013-01-01,Canada,95.5432
2013-01-01,France,97.99454
2013-01-01,Germany,96.53978
2013-01-01,Japan,96.52432
2013-01-01,New Zealand,96.925
2013-01-01,South Korea,95.64761
2013-01-01,Sweden,99.64981
2013-01-01,United Kingdom,96.4
2013-01-01,United States,95.83437
2013-04-01,Australia,94.69039
2013-04-01,Canada,95.90884
2013-04-01,France,98.69355
2013-04-01,Germany,96.82894
2013-04-01,Japan,97.18926
2013-04-01,New Zealand,97.18984
2013-04-01,South Korea,95.83522
2013-04-01,Sweden,100.0508
2013-04-01,United Kingdom,97.1
2013-04-01,United States,96.28007
2013-07-01,Australia,95.52701
2013-07-01,Canada,95.87669
2013-07-01,France,98.83022
2013-07-01,Germany,97.56997
2013-07-01,Japan,97.27551
2013-07-01,New Zealand,97.54508
2013-07-01,South Korea,96.07748
2013-07-01,Sweden,99.91455
2013-07-01,United Kingdom,97.3
2013-07-01,United States,96.62293
2013-10-01,Australia,96.22695
2013-10-01,Canada,96.1757
2013-10-01,France,98.90782
2013-10-01,Germany,97.84114
2013-10-01,Japan,97.52744
2013-10-01,New Zealand,98.3316
2013-10-01,South Korea,96.54967
2013-10-01,Sweden,100.387
2013-10-01,United Kingdom,98.0
2013-10-01,United States,96.97666
2014-01-01,Australia,96.61742
2014-01-01,Canada,96.56837
2014-01-01,France,99.03912
2014-01-01,Germany,97.94359
2014-01-01,Japan,97.30173
2014-01-01,New Zealand,98.64558
2014-01-01,South Korea,97.11848
2014-01-01,Sweden,99.51242
2014-01-01,United Kingdom,97.9
2014-01-01,United States,97.37522
2014-04-01,Australia,97.28919
2014-04-01,Canada,97.17833
2014-04-01,France,99.71256
2014-04-01,Germany,98.18139
2014-04-01,Japan,99.50571
2014-04-01,New Zealand,98.57547
2014-04-01,South Korea,97.5822
2014-04-01,Sweden,100.2039
2014-04-01,United Kingdom,98.8
2014-04-01,United States,98.10826
2014-07-01,Australia,97.92242
2014-07-01,Canada,97.5471
2014-07-01,France,99.73571
2014-07-01,Germany,98.79536
2014-07-01,Japan,99.64862
2014-07-01,New Zealand,98.97198
2014-07-01,South Korea,97.87878
2014-07-01,Sweden,99.85981
2014-07-01,United Kingdom,99.0
2014-07-01,United States,98.3622
2014-10-01,Australia,98.55798
2014-10-01,Canada,98.20373
2014-10-01,France,99.58746
2014-10-01,Germany,98.94656
2014-10-01,Japan,99.72526
2014-10-01,New Zealand,99.42808
2014-10-01,South Korea,97.9486
2014-10-01,Sweden,100.3279
2014-10-01,United Kingdom,99.4
2014-10-01,United States,98.69463
2015-01-01,Australia,99.35311
2015-01-01,Canada,99.16448
2015-01-01,France,99.33698
2015-01-01,Germany,98.93152
2015-01-01,Japan,99.39574
2015-01-01,New Zealand,99.78653
2015-01-01,South Korea,99.44979
2015-01-01,Sweden,99.66769
2015-01-01,United Kingdom,99.2
2015-01-01,United States,99.12012
2015-04-01,Australia,99.55983
2015-04-01,Canada,99.99989
2015-04-01,France,100.2388
2015-04-01,Germany,100.0213
2015-04-01,Japan,100.0215
2015-04-01,New Zealand,99.79421
2015-04-01,South Korea,99.76999
2015-04-01,Sweden,99.90561
2015-04-01,United Kingdom,99.8
2015-04-01,United States,99.91843
2015-07-01,Australia,100.1345
2015-07-01,Canada,100.3124
2015-07-01,France,100.2627
2015-07-01,Germany,100.712
2015-07-01,Japan,100.1804
2015-07-01,New Zealand,99.99786
2015-07-01,South Korea,100.3268
2015-07-01,Sweden,100.0195
2015-07-01,United Kingdom,100.2
2015-07-01,United States,100.2357
2015-10-01,Australia,100.9525
2015-10-01,Canada,100.5232
2015-10-01,France,100.1615
2015-10-01,Germany,100.3352
2015-10-01,Japan,100.4024
2015-10-01,New Zealand,100.4214
2015-10-01,South Korea,100.4534
2015-10-01,Sweden,100.4072
2015-10-01,United Kingdom,100.7
2015-10-01,United States,100.7258
2016-01-01,Australia,101.2308
2016-01-01,Canada,101.015
2016-01-01,France,99.8588
2016-01-01,Germany,100.1818
2016-01-01,Japan,99.97736
2016-01-01,New Zealand,100.9543
2016-01-01,South Korea,101.2934
2016-01-01,Sweden,100.3133
2016-01-01,United Kingdom,100.7
2016-01-01,United States,101.3739
2016-04-01,Australia,101.5378
2016-04-01,Canada,102.0222
2016-04-01,France,100.6405
2016-04-01,Germany,101.1439
2016-04-01,Japan,100.5601
2016-04-01,New Zealand,100.9571
2016-04-01,South Korea,101.8068
2016-04-01,Sweden,100.8919
2016-04-01,United Kingdom,101.4
2016-04-01,United States,102.1576
2016-07-01,Australia,102.0501
2016-07-01,Canada,102.2983
2016-07-01,France,100.6298
2016-07-01,Germany,101.9364
2016-07-01,Japan,100.3746
2016-07-01,New Zealand,101.4178
2016-07-01,South Korea,102.2233
2016-07-01,Sweden,101.0103
2016-07-01,United Kingdom,101.8
2016-07-01,United States,102.5098
2016-10-01,Australia,102.4309
2016-10-01,Canada,102.3591
2016-10-01,France,100.5343
2016-10-01,Germany,101.5492
2016-10-01,Japan,100.526
2016-10-01,New Zealand,102.0566
2016-10-01,South Korea,102.1768
2016-10-01,Sweden,101.3734
2016-10-01,United Kingdom,102.5
2016-10-01,United States,102.9029
2017-01-01,Australia,102.7194
2017-01-01,Canada,102.9689
2017-01-01,France,100.2012
2017-01-01,Germany,101.1579
2017-01-01,Japan,99.93976
2017-01-01,New Zealand,102.5164
2017-01-01,South Korea,103.0464
2017-01-01,Sweden,101.0997
2017-01-01,United Kingdom,102.6
2017-01-01,United States,103.5837
2017-04-01,Australia,103.1323
2017-04-01,Canada,103.5167
2017-04-01,France,101.1233
2017-04-01,Germany,102.4499
2017-04-01,Japan,100.3255
2017-04-01,New Zealand,102.4149
2017-04-01,South Korea,103.3634
2017-04-01,Sweden,102.41
2017-04-01,United Kingdom,103.8
2017-04-01,United States,104.004
2017-07-01,Australia,103.8743
2017-07-01,Canada,103.7314
2017-07-01,France,101.2082
2017-07-01,Germany,103.3735
2017-07-01,Japan,100.2776
2017-07-01,New Zealand,102.9462
2017-07-01,South Korea,103.703
2017-07-01,Sweden,102.7853
2017-07-01,United Kingdom,104.4
2017-07-01,United States,104.2795
2017-10-01,Australia,104.058
2017-10-01,Canada,104.0672
2017-10-01,France,101.2249
2017-10-01,Germany,102.7456
2017-10-01,Japan,100.5028
2017-10-01,New Zealand,103.1483
2017-10-01,South Korea,103.6466
2017-10-01,Sweden,102.8344
2017-10-01,United Kingdom,104.9
2017-10-01,United States,104.7541
2018-01-01,Australia,104.3905
2018-01-01,Canada,104.9457
2018-01-01,France,101.2115
2018-01-01,Germany,102.5386
2018-01-01,Japan,100.1543
2018-01-01,New Zealand,103.466
2018-01-01,South Korea,104.2432
2018-01-01,Sweden,102.3709
2018-01-01,United Kingdom,104.9
2018-01-01,United States,105.6219
2018-04-01,Australia,104.7721
2018-04-01,Canada,105.5174
2018-04-01,France,102.2991
2018-04-01,Germany,103.7517
2018-04-01,Japan,100.4436
2018-04-01,New Zealand,103.5104
2018-04-01,South Korea,104.7666
2018-04-01,Sweden,103.441
2018-04-01,United Kingdom,105.8
2018-04-01,United States,106.3323
2018-07-01,Australia,105.1651
2018-07-01,Canada,106.1114
2018-07-01,France,102.3606
2018-07-01,Germany,104.6055
2018-07-01,Japan,100.4115
2018-07-01,New Zealand,104.1638
2018-07-01,South Korea,104.793
2018-07-01,Sweden,103.7426
2018-07-01,United Kingdom,106.3
2018-07-01,United States,106.6431
2018-10-01,Australia,105.7926
2018-10-01,Canada,106.3433
2018-10-01,France,102.1469
2018-10-01,Germany,104.1361
2018-10-01,Japan,100.7029
2018-10-01,New Zealand,104.7317
2018-10-01,South Korea,104.7867
2018-10-01,Sweden,104.0453
2018-10-01,United Kingdom,106.8
2018-10-01,United States,107.0673
2019-01-01,Australia,105.9247
2019-01-01,Canada,106.9783
2019-01-01,France,101.9189
2019-01-01,Germany,103.753
2019-01-01,Japan,100.4951
2019-01-01,New Zealand,105.0421
2019-01-01,South Korea,105.25
2019-01-01,Sweden,103.5795
2019-01-01,United Kingdom,106.8
2019-01-01,United States,107.8882
2019-04-01,Australia,106.4549
2019-04-01,Canada,107.9004
2019-04-01,France,102.9597
2019-04-01,Germany,105.359
2019-04-01,Japan,100.8166
2019-04-01,New Zealand,105.3604
2019-04-01,South Korea,105.4532
2019-04-01,Sweden,105.2104
2019-04-01,United Kingdom,107.6
2019-04-01,United States,108.5941
2019-07-01,Australia,107.1806
2019-07-01,Canada,108.462
2019-07-01,France,103.1221
2019-07-01,Germany,106.2101
2019-07-01,Japan,100.8123
2019-07-01,New Zealand,106.0908
2019-07-01,South Korea,105.5597
2019-07-01,Sweden,105.3109
2019-07-01,United Kingdom,108.0
2019-07-01,United States,109.1815
2019-10-01,Australia,107.715
2019-10-01,Canada,108.4141
2019-10-01,France,103.2191
2019-10-01,Germany,105.8421
2019-10-01,Japan,101.3396
2019-10-01,New Zealand,106.8646
2019-10-01,South Korea,105.4098
2019-10-01,Sweden,105.7834
2019-10-01,United Kingdom,108.5
2019-10-01,United States,109.5957
2020-01-01,Australia,108.0104
2020-01-01,Canada,108.9477
2020-01-01,France,103.0929
2020-01-01,Germany,105.1814
2020-01-01,Japan,101.1399
2020-01-01,New Zealand,107.5812
2020-01-01,South Korea,105.6725
2020-01-01,Sweden,105.1545
2020-01-01,United Kingdom,108.5
2020-01-01,United States,110.3714
2020-04-01,Australia,106.3672
2020-04-01,Canada,109.0625
2020-04-01,France,103.7216
2020-04-01,Germany,105.9829
2020-04-01,Japan,101.0454
2020-04-01,New Zealand,107.6002
2020-04-01,South Korea,105.7007
2020-04-01,Sweden,106.0481
2020-04-01,United Kingdom,109.1
2020-04-01,United States,110.1517
2020-07-01,Australia,108.1639
2020-07-01,Canada,109.1738
2020-07-01,France,104.2195
2020-07-01,Germany,105.5261
2020-07-01,Japan,100.8064
2020-07-01,New Zealand,108.1444
2020-07-01,South Korea,106.0357
2020-07-01,Sweden,106.6915
2020-07-01,United Kingdom,109.5
2020-07-01,United States,111.1577
2020-10-01,Australia,109.6069
2020-10-01,Canada,109.6958
2020-10-01,France,103.8257
2020-10-01,Germany,105.6837
2020-10-01,Japan,100.8606
2020-10-01,New Zealand,109.4462
2020-10-01,South Korea,105.7642
2020-10-01,Sweden,106.9875
2020-10-01,United Kingdom,110.0
2020-10-01,United States,111.548
2021-01-01,Australia,109.9773
2021-01-01,Canada,110.1965
2021-01-01,France,104.0102
2021-01-01,Germany,106.7377
2021-01-01,Japan,101.1936
2021-01-01,New Zealand,109.9661
2021-01-01,South Korea,106.5259
2021-01-01,Sweden,106.6737
2021-01-01,United Kingdom,110.0
2021-01-01,United States,112.1343
2021-04-01,Australia,110.3647
2021-04-01,Canada,111.371
2021-04-01,France,104.6189
2021-04-01,Germany,107.6769
2021-04-01,Japan,100.0012
2021-04-01,New Zealand,111.0429
2021-04-01,South Korea,106.9455
2021-04-01,Sweden,107.4399
2021-04-01,United Kingdom,111.2
2021-04-01,United States,114.1823
2021-07-01,Australia,111.0623
2021-07-01,Canada,112.5215
2021-07-01,France,104.9707
2021-07-01,Germany,108.6343
2021-07-01,New Zealand,113.015
2021-07-01,South Korea,107.4604
2021-07-01,Sweden,107.6522
2021-07-01,United Kingdom,112.3
2021-07-01,United States,115.67
2021-10-01,Australia,112.4478
2021-10-01,Canada,113.2638
2021-10-01,France,105.2271
2021-10-01,Germany,109.1862
2021-10-01,New Zealand,114.8112
2021-10-01,South Korea,108.0493
2021-10-01,Sweden,108.6296
2021-10-01,United Kingdom,113.9
2021-10-01,United States,117.1038
2022-01-01,Australia,114.152
2022-01-01,Canada,114.8183
2022-01-01,France,105.8456
2022-01-01,Germany,109.8112
2022-01-01,New Zealand,115.8
2022-01-01,South Korea,109.474
2022-01-01,Sweden,109.8561
2022-01-01,United Kingdom,115.0
2022-01-01,United States,119.2357
2022-04-01,Australia,116.0582
2022-04-01,Canada,117.0929
2022-04-01,France,107.4579
2022-04-01,Germany,111.6855
2022-04-01,New Zealand,117.3251
2022-04-01,South Korea,110.6271
2022-04-01,Sweden,112.5861
2022-04-01,United Kingdom,117.1
2022-04-01,United States,121.2837
2022-07-01,Australia,118.0559
2022-07-01,Canada,118.6851
2022-07-01,France,108.4544
2022-07-01,Germany,113.0298
2022-07-01,New Zealand,120.0709
2022-07-01,South Korea,111.8085
2022-07-01,Sweden,114.8101
2022-07-01,United Kingdom,118.7
2022-07-01,United States,123.205
2022-10-01,Australia,120.3108
2022-10-01,Canada,119.4912
2022-10-01,France,108.7093
2022-10-01,Germany,114.6858
2022-10-01,New Zealand,122.5382
2022-10-01,South Korea,112.5278
2022-10-01,Sweden,118.1723
2022-10-01,United Kingdom,120.5
2022-10-01,United States,124.4084
2023-01-01,Australia,121.7035
2023-01-01,Canada,120.4423
2023-01-01,France,109.5565
2023-01-01,Germany,116.1337
2023-01-01,New Zealand,123.6185
2023-01-01,South Korea,113.7974
2023-01-01,Sweden,121.1347
2023-01-01,United Kingdom,121.4
2023-01-01,United States,125.8884
2023-04-01,Australia,122.8214
2023-04-01,Canada,122.0874
2023-04-01,France,111.4784
2023-04-01,Germany,117.83
2023-04-01,New Zealand,124.892
2023-04-01,South Korea,114.6931
2023-04-01,Sweden,124.8264
2023-04-01,United Kingdom,124.6
2023-04-01,United States,127.5286
2023-07-01,Australia,124.0787
2023-07-01,Canada,123.0841
2023-07-01,France,112.0752
2023-07-01,Germany,118.844
2023-07-01,New Zealand,126.4892
2023-07-01,South Korea,115.3455
2023-07-01,Sweden,126.9991
2023-07-01,United Kingdom,125.8
2023-07-01,United States,128.5056
2023-10-01,Australia,124.9122
2023-10-01,Canada,123.869
2023-10-01,France,111.8619
2023-10-01,Germany,119.0612
2023-10-01,New Zealand,127.6001
2023-10-01,South Korea,115.8074
2023-10-01,Sweden,128.1183
2023-10-01,United Kingdom,126.9
2023-10-01,United States,129.4005
2024-01-01,Australia,126.3355
2024-01-01,Canada,124.158
2024-01-01,France,112.4015
2024-01-01,Germany,119.7429
2024-01-01,New Zealand,128.7892
2024-01-01,South Korea,116.6432
2024-01-01,Sweden,129.2878
2024-01-01,United Kingdom,127.3
2024-01-01,United States,130.8294
2024-04-01,Australia,127.4861
2024-04-01,Canada,125.5529
2024-04-01,France,113.856
2024-04-01,Germany,121.1241
2024-04-01,New Zealand,129.3002
2024-04-01,South Korea,117.2603
2024-04-01,Sweden,130.7791
2024-04-01,United Kingdom,129.9
2024-04-01,United States,132.0232
2024-07-01,Australia,128.7212
2024-07-01,Canada,126.2076
2024-07-01,France,114.2727
2024-07-01,Germany,121.8971
2024-07-01,New Zealand,130.4949
2024-07-01,South Korea,117.7293
2024-07-01,Sweden,130.8651
2024-07-01,United Kingdom,131.1
2024-07-01,United States,132.8163
2024-10-01,Australia,129.518
2024-10-01,Canada,126.4936
2024-10-01,France,113.7042
2024-10-01,Germany,122.4078
2024-10-01,New Zealand,131.7642
2024-10-01,South Korea,117.9303
2024-10-01,Sweden,130.5222
2024-10-01,United Kingdom,132.3
2024-10-01,United States,133.8731
2025-01-01,Germany,122.8562
2025-01-01,South Korea,118.8225
2025-01-01,Sweden,130.2619
2025-01-01,United States,135.2336
